Month,Temperature,Precipitation
1,-3.4131578947368424,38.26400651465798
2,2.6013157894736842,65.77654723127036
3,3.0421052631578944,36.344861337683525
4,8.014473684210527,42.3836867862969
5,13.05526315789474,54.90456769983687
6,17.172,75.60456026058631
7,17.9027027027027,132.00016260162602
8,16.331999999999997,59.050649350649344
9,13.838666666666668,29.038181818181815
10,6.414864864864865,106.90016528925621
11,2.4027777777777777,54.320826446281
12,-0.5930555555555556,55.52314049586777
