Month,Temperature,Precipitation
1,0.9078124999999999,35.89204737732656
2,2.8296875,71.79379194630872
3,3.4671874999999996,31.59529411764706
4,7.603174603174602,9.467114093959731
5,10.120634920634918,82.90134003350083
6,17.1984126984127,125.21946308724833
7,17.62063492063492,65.2328282828283
8,18.698412698412696,87.95168918918918
9,13.830645161290324,71.82195945945946
10,9.293548387096772,98.99591836734693
11,4.33225806451613,22.833728813559322
12,1.2080645161290322,32.277589134125634
