Month,Temperature,Precipitation
1,-0.21052631578947364,52.21347150259067
2,2.1,64.18672413793102
3,1.8,12.419931271477662
4,5.75,43.35448275862069
5,12.987931034482758,45.75354058721934
6,18.164912280701756,69.12958477508651
7,18.274137931034485,87.55520833333334
8,19.29827586206897,75.45364583333334
9,11.230357142857143,74.25520833333333
10,9.974999999999998,30.284965034965033
11,3.4333333333333336,24.673251748251747
12,-0.07169811320754718,54.501047120418846
