Month,Temperature,Precipitation
1,0.47350427350427343,54.31203703703703
2,-0.20925925925925923,15.651326053042121
3,3.4118279569892476,44.99043209876543
4,6.90752688172043,31.00092592592593
5,11.54838709677419,54.431733746130035
6,15.343010752688171,48.79086687306502
7,18.599999999999998,67.84027355623101
8,19.892592592592592,21.688601823708208
9,13.546913580246914,53.470516717325225
10,6.3999999999999995,35.60242057488654
11,4.47375,69.60668693009119
12,3.1175,31.998024316109422
