Month,Temperature,Precipitation
1,-3.0246376811594207,65.25
2,1.8573529411764707,30.15824561403509
3,4.667164179104478,44.7621052631579
4,8.604477611940297,25.032399299474605
5,11.494029850746267,100.55853658536586
6,20.21212121212121,39.23942953020134
7,17.531818181818185,58.730420168067226
8,18.709090909090907,69.18436974789915
9,12.968181818181819,77.77537688442212
10,9.506060606060608,40.08336134453781
11,5.753846153846154,45.937751677852354
12,2.178461538461539,42.734453781512606
