Month,Temperature,Precipitation
1,2.043396226415094,62.98300884955753
2,0.3716981132075472,55.18238434163701
3,3.7716981132075467,51.70071556350626
4,6.932075471698114,48.63056057866184
5,11.462264150943398,37.845683453237406
6,16.720754716981133,59.585843920145194
7,18.399999999999995,71.46327272727274
8,18.20576923076923,120.9941605839416
9,15.74230769230769,29.61149635036496
10,9.865384615384617,81.46332116788321
11,3.2509803921568636,89.02081031307551
12,1.221951219512195,78.23896103896105
